username,os,region,date
mmoneypenny0,Android,Oceania,1500238803
vmasey1,Android,Oceania,1494322207
wbrodeur2,Android,South America,1501689131
cdurbyn3,Android,Africa,1499962158
meixenberger4,Android,North America,1486537812
cgorioli5,Android,Europe,1509157492
dfarlam6,Android,South America,1509869559
ecruikshanks7,Android,North America,1491829548
rgilchrest8,Android,Europe,1486220786
rdawidowsky9,Android,North America,1491608096
jneamesa,Android,Africa,1507743424
mmiddlerb,Android,Asia,1494934052
dnowlandc,Android,Oceania,1502254038
icaudelierd,Android,Europe,1487907086
ggirardine,Android,Asia,1494669035
lspreckleyf,Android,Oceania,1503167044
kiacovidesg,Android,Oceania,1501851308
aozintsevh,Android,North America,1511939407
mlapidusi,Android,Oceania,1493783847
nwhittaj,Android,Oceania,1505107328
dleaheyk,Android,South America,1489708509
cpaolillol,Android,Europe,1509161664
bcrippsm,Android,Oceania,1504878948
ndarbishiren,Android,Africa,1506643348
lhesso,Android,Asia,1503240979
sogilvyp,Android,Oceania,1487157355
ddudsonq,Android,Asia,1495949620
dseaterr,Android,Africa,1499066090
lhowgills,Android,Africa,1512079678
evasyutochkint,Android,South America,1492067676
wrolstoneu,Android,Europe,1486466997
abartolv,Android,North America,1502918510
khuguenetw,Android,Europe,1504929400
jsinkinsonx,Android,Europe,1493879626
sdavidouy,Android,North America,1494381544
cheathz,Android,Asia,1495297655
rfaltin10,Android,Europe,1501613894
bertelt11,Android,Africa,1486758345
erountree12,Android,North America,1494703757
nbergen13,Android,Africa,1513428767
hmatskevich14,Android,North America,1511904930
zbramwell15,Android,Asia,1512712497
ahadaway16,Android,Oceania,1486326862
gfalconer17,Android,Africa,1504250315
wbansal18,Android,Asia,1483605658
fwondraschek19,Android,Africa,1514480793
tcardenas1a,Android,Europe,1494815061
mmahaffey1b,Android,Africa,1488362363
cmatschek1c,Android,North America,1511934811
aantonnikov1d,Android,Europe,1498906020
kwylam1e,Android,Europe,1502367734
ebuxam1f,Android,Europe,1508485437
hmaccarlich1g,Android,South America,1486341689
tdauncey1h,Android,North America,1509531386
lozintsev1i,Android,Oceania,1510277554
aayres1j,Android,North America,1487510898
pdebrett1k,Android,Oceania,1509929928
achampe1l,Android,Europe,1506927673
nwestcott1m,Android,Asia,1507198685
spaskerful1n,Android,Africa,1490479367
okither1o,Android,Africa,1494854218
jtrawin1p,Android,Asia,1492846504
kgall1q,Android,North America,1485045041
jthewless1r,Android,Oceania,1512143362
cbichard1s,Android,Europe,1503762898
ggutowska1t,Android,Europe,1487306754
aprantoni1u,Android,South America,1501472620
abreadon1v,Android,Oceania,1495295333
gwalesa1w,Android,Africa,1495446963
gfero1x,Android,Europe,1485316090
dcrimin1y,Android,North America,1495445457
zdunleavy1z,Android,Europe,1512160086
abilsborrow20,Android,North America,1485210743
pseary21,Android,North America,1493010565
akabisch22,Android,South America,1495958979
jflory23,Android,Asia,1485972071
ppiddletown24,Android,Oceania,1500176416
slattey25,Android,Europe,1503711957
rhastwell26,Android,Oceania,1514439837
kelsby27,Android,South America,1487777842
mgoshawk28,Android,Africa,1513460562
mneicho29,Android,Africa,1494799509
gpotes2a,Android,Europe,1496470584
ajellico2b,Android,Oceania,1512762336
ecopping2c,Android,South America,1484342408
farundale2d,Android,Asia,1486932672
blabastida2e,Android,North America,1513508059
adowling2f,Android,Oceania,1508913813
ktremoille2g,Android,Asia,1508571208
cbeamish2h,Android,Africa,1503997977
awilber2i,Android,North America,1496009815
rchretien2j,Android,North America,1506610399
elumsdon2k,Android,Oceania,1494169795
wmccord2l,Android,South America,1490764006
gantczak2m,Android,Oceania,1501522800
esalan2n,Android,Oceania,1501651725
gchippindale2o,Android,Asia,1499544825
fleven2p,Android,Asia,1497256052
dshewan2q,Android,Oceania,1484377946
awildey2r,Android,Asia,1483785015
mleighfield2s,Android,Asia,1490455143
mmurrells2t,Android,Europe,1490507273
oaylwin2u,Android,Europe,1486762929
mmussalli2v,Android,South America,1489151463
bwelds2w,Android,Africa,1500628305
rroseborough2x,Android,North America,1509506590
cbertot2y,Android,Oceania,1490473187
agreatham2z,Android,Asia,1507665043
crowlands30,Android,North America,1511341384
rstansbury31,Android,Africa,1485379221
opoundsford32,Android,Oceania,1509098683
elorant33,Android,Africa,1499046997
rmoogan34,Android,South America,1487764558
nball35,Android,Europe,1507239669
amitchard36,Android,Oceania,1488271153
pisaak37,Android,Africa,1495560602
ffransemai38,Android,Europe,1502773833
gminchinton39,Android,South America,1503136299
aclashe3a,Android,South America,1495782530
lbriggdale3b,Android,South America,1506798283
sskates3c,Android,Asia,1500530537
rwenden3d,Android,Oceania,1499743735
bdomegan3e,Android,Asia,1495991502
yreddin3f,Android,Asia,1500578959
nbuttner3g,Android,Africa,1511929812
lbartul3h,Android,Asia,1496595024
jshankle3i,Android,South America,1513744360
cfearnill3j,Android,North America,1504783547
mjennaway3k,Android,North America,1492172445
halekseev3l,Android,Oceania,1509537115
ystreatfeild3m,Android,Africa,1487391026
ddelagua3n,Android,Africa,1511159442
jgiovanizio3o,Android,Europe,1491883941
mleffek3p,Android,Europe,1487436706
arattrie3q,Android,South America,1498738862
alawie3r,Android,North America,1499274419
ggain3s,Android,North America,1506195225
tbortolussi3t,Android,Africa,1494039322
loman3u,Android,Europe,1485910840
pgoodridge3v,Android,Europe,1490882588
bwitherow3w,Android,Oceania,1491922258
cpearton3x,Android,Europe,1503368357
rshemmans3y,Android,North America,1503731657
ksprade3z,Android,Asia,1490614751
sbauduccio40,Android,Europe,1483547162
rtissell41,Android,Europe,1504551079
phouselee42,Android,South America,1496247371
zavory43,Android,North America,1491063659
pseamark44,Android,South America,1493563906
frittelmeyer45,Android,Europe,1493935097
oslafford46,Android,North America,1514119612
ncavaney47,Android,South America,1492369837
fscrogges48,Android,Europe,1511944088
hfarnfield49,Android,North America,1497753359
rreglar4a,Android,Africa,1486548307
ccasement4b,Android,Asia,1496567115
ddrezzer4c,Android,South America,1501581120
hdarnell4d,Android,Oceania,1507749998
akaindl4e,Android,North America,1499432853
ngallandre4f,Android,Asia,1487151534
ngerg4g,Android,Africa,1490505078
rauger4h,Android,Oceania,1497259351
dwhiteway4i,Android,Oceania,1491935449
mcalver4j,Android,Europe,1511652420
mperrett4k,Android,South America,1486261587
aarcher4l,Android,South America,1490870252
nkite4m,Android,South America,1514340364
bfetherstone4n,Android,North America,1488263835
dfeaveer4o,Android,Europe,1495344658
rhadye4p,Android,Oceania,1497452269
bdomegan4q,Android,North America,1512268909
hbilton4r,Android,Oceania,1510302157
lbannard4s,Android,North America,1500155014
mlantaph4t,Android,Oceania,1489435883
sslany4u,Android,Asia,1495012829
dferie4v,Android,Africa,1501754105
gjurek4w,Android,Oceania,1509469786
obautiste4x,Android,Asia,1498371474
idesforges4y,Android,South America,1491026869
itaplow4z,Android,Africa,1510134947
dhanfrey50,Android,Europe,1496056493
acoumbe51,Android,Africa,1489715735
eglassborow52,Android,Asia,1511592397
ntemby53,Android,North America,1513068679
jivanuschka54,Android,North America,1513774567
scrabtree55,Android,North America,1489642662
blefeaver56,Android,South America,1491222896
rjervois57,Android,Asia,1508581807
ttorrecilla58,Android,Oceania,1510153439
fchat59,Android,Africa,1505472127
bketton5a,Android,Europe,1497771769
mhaselwood5b,Android,North America,1494724179
wfirpi5c,Android,Europe,1507771300
kdurkin5d,Android,Oceania,1514387158
emcgrady5e,Android,Asia,1500575590
hvequaud5f,Android,Asia,1499810521
vtrahearn5g,Android,Africa,1488782534
rrobertsson5h,Android,Africa,1497286882
ddieton5i,Android,South America,1484287479
sbrusin5j,Android,Asia,1493828116
svanleeuwen5k,Android,North America,1506465620
dwimpress5l,Android,South America,1500595845
vcushworth5m,Android,Asia,1497569332
mhaynes5n,Android,South America,1503187089
aarkcoll5o,Android,Europe,1503989556
hpifford5p,Android,Africa,1489941142
ofritz5q,Android,North America,1512947712
tpunter5r,Android,Asia,1501908437
fbescoby5s,Android,North America,1488242240
adavidde5t,Android,Europe,1505941492
ccampana5u,Android,North America,1512192861
mullyatt5v,Android,South America,1496264410
spashe5w,Android,Africa,1496069965
llamp5x,Android,Europe,1514272570
dtrace5y,Android,South America,1508846587
emoorcroft5z,Android,South America,1493429089
tgrundle60,Android,Asia,1497899641
vcratchley61,Android,Asia,1496934325
crowler62,Android,South America,1490050475
vdockerty63,Android,South America,1484583269
paughton64,Android,Africa,1490876909
mkellaway65,Android,North America,1507167782
mgethyn66,Android,Africa,1511227655
atrowle67,Android,South America,1494415114
pharewood68,Android,Europe,1502418943
ccroyden69,Android,North America,1499595383
jbysaker6a,Android,Asia,1492050763
credihalgh6b,Android,Africa,1495174108
pchastelain6c,Android,Asia,1492155364
dkindall6d,Android,Asia,1501515068
airedell6e,Android,Europe,1493247465
worry6f,Android,Oceania,1487318400
kfonte6g,Android,Oceania,1492803067
jjehaes6h,Android,Africa,1497117233
broloff6i,Android,Africa,1484769081
aclayworth6j,Android,Africa,1504034261
hsleet6k,Android,Africa,1495637982
gcurnnok6l,Android,Asia,1501138847
ifuchs6m,Android,Africa,1496145377
qryves6n,Android,Africa,1490288482
drubinowitch6o,Android,South America,1484588766
ccousin6p,Android,Asia,1483621864
rquin6q,Android,Africa,1496341436
cdiehn6r,Android,Europe,1509107494
jgawthrope6s,Android,Europe,1484806482
jebbin6t,Android,South America,1503135862
lscorer6u,Android,Asia,1492458041
bgregorowicz6v,Android,Oceania,1502513637
etaft6w,Android,North America,1511955931
hballaam6x,Android,Europe,1499903033
jquant6y,Android,Asia,1483441935
emcclary6z,Android,Africa,1493106345
rgodart70,Android,North America,1493121864
tgivens71,Android,Europe,1492345930
jcornbill72,Android,Europe,1502133257
msor73,Android,Asia,1512759713
atrillow74,Android,South America,1497669333
lclemoes75,Android,North America,1496974565
gpuckring76,Android,Europe,1511148595
clelliott77,Android,South America,1502498176
vbezzant78,Android,South America,1510392270
hhryniewicki79,Android,Oceania,1503244447
deustanch7a,Android,Oceania,1504784468
devitts7b,Android,North America,1488335665
lweiser7c,Android,Africa,1488774919
tfriatt7d,Android,Africa,1497725655
sdan7e,Android,Asia,1488871639
peastridge7f,Android,Oceania,1496882150
cbaudouin7g,Android,Asia,1504945972
wtumini7h,Android,Africa,1512492346
mkahler7i,Android,Oceania,1497725002
wtooting7j,Android,Oceania,1496672564
amcgaraghan7k,Android,Europe,1503869014
sbarras7l,Android,North America,1490679563
gdederick7m,Android,Africa,1494560507
khaliburn7n,Android,Europe,1511913141
kpietasch7o,Android,North America,1492815837
wbewsey7p,Android,Europe,1510169711
kdeverall7q,Android,Asia,1514191975
ggossington7r,Android,Oceania,1513924244
mclelland7s,Android,Asia,1513854778
gocorrigane7t,Android,Oceania,1511101220
csansum7u,Android,North America,1488947179
fmochar7v,Android,Oceania,1507793383
bemmanueli7w,Android,North America,1512456626
eawmack7x,Android,North America,1506866144
gmaccrackan7y,Android,Oceania,1485813396
vambrosch7z,Android,Europe,1501025230
morfeur80,Android,Oceania,1497766387
jmarryatt81,Android,Asia,1493552651
fhember82,Android,Oceania,1499575790
agaskin83,Android,South America,1485487322
mtowhey84,Android,South America,1485192887
elenchenko85,Android,South America,1509769938
rwhiscard86,Android,Africa,1500406015
mrubanenko87,Android,Asia,1494182333
zshambrooke88,Android,Asia,1509538324
asproson89,Android,Asia,1491165423
stinkler8a,Android,South America,1487049485
tgallop8b,Android,Oceania,1484215567
sdarcy8c,Android,South America,1494752913
lcalltone8d,Android,Europe,1501630751
tkean8e,Android,North America,1483352173
mwhorall8f,Android,South America,1498380257
dmuncer8g,Android,Europe,1488694892
cswepson8h,Android,South America,1486702978
hbroseke8i,Android,South America,1501835539
wlibbe8j,Android,North America,1508199659
ltamsett8k,Android,North America,1502708691
ksealove8l,Android,South America,1491520282
nkennsley8m,Android,Africa,1497982227
asnel8n,Android,Oceania,1500295190
dodare8o,Android,Africa,1507178794
tdoulden8p,Android,North America,1497498251
gsaph8q,Android,Europe,1496953770
hunsworth8r,Android,Europe,1513105943
dporch8s,Android,South America,1513895017
imereweather8t,Android,Africa,1489397044
blodwick8u,Android,Asia,1503475373
sbartomeu8v,Android,Oceania,1495075450
eduigan8w,Android,South America,1513794086
smcgiven8x,Android,Oceania,1496662670
amanville8y,Android,Africa,1503519241
murion8z,Android,North America,1506852454
jmeddick90,Android,Asia,1505570002
bdulen91,Android,Asia,1501021121
ckleinsinger92,Android,South America,1504554369
erollings93,Android,Asia,1501953325
ksakins94,Android,North America,1496688696
mbartocci95,Android,Europe,1504386253
tcolthard96,Android,Asia,1488309183
mvanvelden97,Android,Asia,1507713174
jyoutead98,Android,Africa,1507778936
tscawton99,Android,South America,1486915262
abartlett9a,Android,Oceania,1508555043
eeger9b,Android,South America,1492358492
hairy9c,Android,Asia,1492686976
ncansdale9d,Android,Europe,1503849168
eclericoates9e,Android,North America,1490230644
cgadsdon9f,Android,Oceania,1507001975
fbruggeman9g,Android,Europe,1490168295
bbroune9h,Android,North America,1512000537
wolliff9i,Android,North America,1514487087
adomengue9j,Android,North America,1513005719
sjosling9k,Android,Europe,1505807524
lsackur9l,Android,South America,1509261993
mbeals9m,Android,North America,1503703892
jhaskell9n,Android,South America,1493809282
kpetel9o,Android,Europe,1484108975
rjacson9p,Android,Africa,1489385960
ofranzonello9q,Android,Africa,1510631678
rluter9r,Android,Africa,1512052711
jnajara9s,Android,Oceania,1490787745
lplaydon9t,Android,North America,1510449339
tlochhead9u,Android,Oceania,1512609876
shatcher9v,Android,Asia,1485714394
rlean9w,Android,Oceania,1483625972
tcakebread9x,Android,Asia,1506500525
tzamboniari9y,Android,South America,1503050161
hborrie9z,Android,South America,1513457664
rpettita0,Android,South America,1488466938
mperuttoa1,Android,Asia,1490290528
rkencotta2,Android,North America,1486078669
srissona3,Android,Europe,1509975598
pcozbya4,Android,Africa,1503024582
gocorriganea5,Android,Oceania,1492723206
mcardoa6,Android,Asia,1496581337
gbrownella7,Android,Africa,1488030609
byakovitcha8,Android,Oceania,1497549708
tmacnamaraa9,Android,Asia,1495835977
acredlandaa,Android,North America,1498390105
taimsonab,Android,Oceania,1489575540
blaxstonac,Android,Europe,1512332249
hwoodersonad,Android,Oceania,1502746589
ftuttae,Android,North America,1510743799
ejeevesaf,Android,Asia,1506373700
atomblettag,Android,North America,1487901653
nmacallesterah,Android,South America,1510376108
prainsdonai,Android,Africa,1506132932
kbouleaj,Android,Asia,1507284298
clineenak,Android,Africa,1512459193
xsabbatieral,Android,Europe,1501992745
ogrimaam,Android,South America,1496390217
aharnesan,Android,North America,1504235307
lkneelandao,Android,Africa,1490179908
aellwandap,Android,Oceania,1501966155
bpalatiniaq,Android,Oceania,1492550648
gcermanar,Android,South America,1511580431
bbowkleyas,Android,North America,1491578756
triponat,Android,Oceania,1490390827
owordleyau,Android,Europe,1490699793
abridgensav,Android,North America,1501968035
gsiggaw,Android,North America,1503825937
laucuttax,Android,Oceania,1500425217
apilfolday,Android,North America,1513059471
bsantoraaz,Android,Asia,1504869925
azorerb0,Android,Europe,1497694045
bvockinsb1,Android,Asia,1483589520
aspellerb2,Android,North America,1494239750
bcogdellb3,Android,South America,1510346003
gtreanorb4,Android,North America,1488859318
hhambersb5,Android,Oceania,1490777295
mdennissb6,Android,North America,1512263652
tcousinsb7,Android,Asia,1497429523
scowperb8,Android,Asia,1504776060
rsamuelb9,Android,Europe,1483486478
cmcphadenba,Android,Africa,1510964992
bgannicleffbb,Android,Africa,1490911485
cdyzartbc,Android,Oceania,1509037554
bstelfoxbd,Android,Oceania,1512206490
vroundsbe,Android,Africa,1495343624
cgerkensbf,Android,Europe,1510768382
agamlinbg,Android,South America,1507388110
arichmondbh,Android,South America,1491796072
rcashmanbi,Android,Africa,1496922982
kreekenbj,Android,North America,1485569912
mbiaggettibk,Android,Europe,1487279612
piliffebl,Android,North America,1503168783
azelleybm,Android,Asia,1490670758
blainbn,Android,North America,1507329424
rbootebo,Android,Africa,1500405275
fcappellbp,Android,Asia,1510825308
gcalafatobq,Android,Europe,1513927142
amatthausbr,Android,Oceania,1509012348
skoububs,Android,Africa,1498877011
deytelbt,Android,Asia,1490797875
vyurinbu,Android,Europe,1502943867
dtyresbv,Android,North America,1495698679
wdeadmanbw,Android,Oceania,1484779005
afarobx,Android,Europe,1513078649
azapaterby,Android,Oceania,1493023850
klarkworthybz,Android,North America,1503771343
lalpsc0,Android,Europe,1490612425
cschirakc1,Android,Europe,1513307251
ngaltonec2,Android,Europe,1495134287
jfreathyc3,Android,South America,1508601274
evongrollmannc4,Android,North America,1504377743
cbrucknerc5,Android,South America,1484099422
nmacilriachc6,Android,Oceania,1494564760
jaynscombec7,Android,Europe,1493005899
cpriskc8,Android,Africa,1497721047
fdigginsonc9,Android,Asia,1487160839
jduranca,Android,Asia,1508695840
ndeathecb,Android,Africa,1487751730
sdahmkecc,Android,South America,1502326500
acolthardcd,Android,South America,1514009538
usheachce,Android,Asia,1485907921
dbrookescf,Android,South America,1512541281
eackermancg,Android,Oceania,1500988856
htollidaych,Android,Oceania,1502589907
kduckitci,Android,Asia,1503600761
ccudworthcj,Android,North America,1487932585
jgonetck,Android,South America,1489007030
tgimbletcl,Android,North America,1503388188
mbennoecm,Android,Africa,1506127009
traffertycn,Android,South America,1504919909
lwhittlesco,Android,Asia,1492558003
nrhulecp,Android,Asia,1498704165
ewilmottcq,Android,Africa,1504295333
eandrejscr,Android,Asia,1485250770
skleiscs,Android,Oceania,1493415298
lcamousct,Android,Africa,1499867601
lraucu,Android,Europe,1508721775
scrocettocv,Android,South America,1502923092
gthalmanncw,Android,Oceania,1491067205
boutramcx,Android,Asia,1494182147
kamoorecy,Android,South America,1510250270
jsommerlycz,Android,South America,1495298209
mruddomd0,Android,North America,1495276478
fcroald1,Android,Europe,1504936668
ctolchard2,Android,Africa,1489932223
mnewvilld3,Android,Asia,1485769478
lcockadayd4,Android,Europe,1486501959
tnorthaged5,Android,North America,1490058158
wcamdend6,Android,Asia,1483869150
sschelligd7,Android,South America,1507874046
jkluged8,Android,Africa,1513637875
bkulveard9,Android,Europe,1483917666
mmuslimda,Android,Europe,1488957675
kmctrustriedb,Android,Europe,1494011695
amacguiredc,Android,Oceania,1509252806
fwinkledd,Android,Asia,1498993912
acobbde,Android,Africa,1495597051
fhackingdf,Android,Oceania,1502872309
gdivverdg,Android,North America,1511256220
gjeacockedh,Android,North America,1490894535
ddohmsdi,Android,Africa,1494524393
fescolmedj,Android,Oceania,1491497593
ebohikedk,Android,North America,1498683281
fsurgeydl,Android,North America,1495510645
lrasherdm,Android,Europe,1502319154
cjoridn,Android,Europe,1491037847
hwildeydo,Android,Asia,1501521450
sgullamdp,Android,Asia,1493002948
smundwelldq,Android,North America,1485248282
givanovicdr,Android,Europe,1484759420
adelleds,Android,South America,1508893503
kenochssondt,Android,Africa,1498155427
ehablotdu,Android,South America,1505373903
afebvredv,Android,Africa,1512222846
yhatchmandw,Android,Europe,1512579780
egreethamdx,Android,South America,1492500971
tbecarisdy,Android,Oceania,1506961673
lbudleighdz,Android,South America,1499769852
hvanderbaarene0,Android,North America,1512258089
dvlasove1,Android,South America,1497056278
karpinoe2,Android,North America,1485183226
agilmane3,Android,Europe,1500605479
dfackrelle4,Android,Europe,1508728707
wlebberne5,Android,Africa,1500749317
dlenaghene6,Android,South America,1493493619
eperigoe7,Android,Europe,1511907286
dmurrae8,Android,Africa,1499561617
byakhine9,Android,Asia,1510782559
abrongerea,Android,North America,1498690992
rsprigineb,Android,North America,1502382945
blowndsbroughec,Android,North America,1505998389
lbutened,Android,Europe,1488369919
clemerleee,Android,Oceania,1505571926
llemmersef,Android,South America,1513643684
sbearsmoreeg,Android,Africa,1508910568
bfavilleh,Android,Europe,1497011109
nachurchei,Android,Europe,1493829375
ebrantlej,Android,South America,1512736343
rohearek,Android,Europe,1483746984
rpauleitel,Android,Africa,1504491145
erosenbaumem,Android,Oceania,1512293296
eblakesen,Android,Asia,1492709608
semonseo,Android,North America,1494032155
dbedinhamep,Android,Asia,1513930615
fachrameeveq,Android,North America,1498280077
vswepstoneer,Android,Oceania,1514179403
dbeasleyes,Android,Africa,1494805641
abenoeyet,Android,Africa,1484682466
acaverhilleu,Android,Africa,1498364654
clubmanev,Android,Africa,1488740684
melleswortheew,Android,Oceania,1493230536
dtarburnex,Android,Asia,1494537066
bnorsworthyey,Android,North America,1511212802
sackermannez,Android,Africa,1502426129
cfewellf0,Android,Oceania,1505662012
shaworthf1,Android,Asia,1504497859
bmckmurrief2,Android,Africa,1512218558
rpiquardf3,Android,Europe,1499114901
cwakenshawf4,Android,Africa,1513242009
criderf5,Android,North America,1501333263
rgaudenf6,Android,Asia,1490888565
efalshawf7,Android,South America,1504386989
gsmealf8,Android,Asia,1486263823
mkybirdf9,Android,South America,1483275606
wpykefa,Android,North America,1490752586
bgorgenfb,Android,Oceania,1514334375
bseegerfc,Android,Asia,1504380228
idunwoodyfd,Android,Europe,1500746711
dfullickfe,Android,Asia,1493282034
spogsonff,Android,Asia,1500173066
mfeversfg,Android,Oceania,1512731370
dtaffleyfh,Android,Africa,1503653017
etrudgianfi,Android,North America,1490622615
btissingtonfj,Android,North America,1502182640
jgowenlockfk,Android,Europe,1498486059
agillyattfl,Android,Asia,1495948277
pscandrickfm,Android,Africa,1512207509
bbrolechanfn,Android,Oceania,1502038621
bdarwoodfo,Android,Europe,1496272184
ckeerlfp,Android,North America,1501244646
lolivifq,Android,South America,1503384859
sgatelandfr,Android,Oceania,1510752095
vwynchfs,Android,North America,1485611421
dyeldonft,Android,Oceania,1500837713
mdaughtreyfu,Android,Asia,1502596504
fscudderfv,Android,North America,1488340960
rmelinfw,Android,North America,1486493397
bughellifx,Android,Africa,1495456524
kpetrosellify,Android,Asia,1506540452
hjoysonfz,Android,South America,1490767517
jcleeveg0,Android,Europe,1491457526
vpenwrightg1,Android,Africa,1511140161
gbathamg2,Android,Europe,1483802109
wsatyfordg3,Android,Asia,1489564722
lstoileg4,Android,Asia,1496942595
dewersg5,Android,Asia,1497125147
aattreedg6,Android,Oceania,1497708059
bstringmang7,Android,Europe,1512678216
hpendlentong8,Android,South America,1496963329
rtrevalliong9,Android,Africa,1505569740
npinchbackga,Android,North America,1510129628
emacdermotgb,Android,Europe,1497645514
obalchgc,Android,Asia,1509937832
rcanlandgd,Android,Europe,1486016305
savramowge,Android,Europe,1505853191
gegdalgf,Android,Europe,1487497854
lmartugingg,Android,North America,1497384193
matteridgegh,Android,Asia,1488341479
awadgegi,Android,Oceania,1485454322
mdoigegj,Android,Asia,1510672969
tlougheidgk,Android,North America,1496042105
pmallengl,Android,Oceania,1500596686
joxnamgm,Android,Europe,1486958345
tpietrasikgn,Android,Africa,1484898064
nsolesgo,Android,North America,1503834397
cklishingp,Android,South America,1502117481
sbreartygq,Android,Oceania,1490020334
ifickengr,Android,South America,1503868229
cvynollgs,Android,North America,1503853744
averriergt,Android,North America,1502052191
igrzegorekgu,Android,Africa,1514542037
nlouysgv,Android,Asia,1507726099
mbulcroftgw,Android,Asia,1489103193
ipickburngx,Android,Oceania,1513983921
tlunegy,Android,Oceania,1491659392
sthakegz,Android,North America,1492438557
rsantorah0,Android,South America,1503978539
cbrooksh1,Android,South America,1495651931
dcarsonh2,Android,North America,1490374016
qclementsh3,Android,North America,1505498632
sebbettsh4,Android,Europe,1494392185
jcomazzoh5,Android,Africa,1498051748
bprentyh6,Android,Asia,1510543484
mtwidaleh7,Android,Oceania,1508117335
dchallicombeh8,Android,Africa,1513636992
hkindonh9,Android,Oceania,1497355073
tbrongerha,Android,Europe,1486457993
arayerhb,Android,South America,1489232475
cmargarsonhc,Android,Asia,1505386771
ccumohd,Android,Europe,1489192309
idartehe,Android,Africa,1488857937
dbuscherhf,Android,North America,1486139926
mraycrofthg,Android,Asia,1497587609
ddevenishhh,Android,Africa,1483275777
ctoplinhi,Android,Africa,1495724500
kfieldgatehj,Android,Oceania,1511846849
mvaldeshk,Android,Oceania,1491591970
kaberchirderhl,Android,Europe,1490825235
sassantehm,Android,North America,1492598766
lsalernohn,Android,Europe,1501521080
afarnieho,Android,Oceania,1510803073
cthrowerhp,Android,Oceania,1506088255
kremerhq,Android,Oceania,1483924889
fcalvardhr,Android,Africa,1486372843
scarletths,Android,Africa,1506990337
vdooreht,Android,Europe,1501178775
estaytehu,Android,Africa,1487225166
aparlorhv,Android,Europe,1511566925
sciccottihw,Android,Oceania,1514564905
vclinninghx,Android,Asia,1499669039
usorbyhy,Android,North America,1502681253
cglanesterhz,Android,Africa,1491980608
gwheldoni0,Android,Europe,1485719279
mevershedi1,Android,Europe,1507328438
gnealyi2,Android,South America,1485629812
mheisi3,Android,South America,1487553567
dschleswigholsteini4,Android,Europe,1483713480
rwilkini5,Android,Europe,1495331180
dbezarrai6,Android,North America,1511057190
ksiddalli7,Android,Asia,1485625272
dhableti8,Android,Oceania,1505132569
fcozzii9,Android,Europe,1509815738
ohaltia,Android,Europe,1508334011
aklimeckiib,Android,North America,1493760289
tmckiddinic,Android,Europe,1492733829
jvittoriid,Android,Oceania,1510637369
mchengie,Android,Oceania,1489835548
kskinleyif,Android,North America,1500703569
climeburnerig,Android,North America,1490246137
mkitchenerih,Android,Oceania,1499439019
bshinnerii,Android,Oceania,1495430371
kiorioij,Android,Europe,1512667476
rtaffieik,Android,Africa,1502424660
fdentonil,Android,South America,1503624800
llavelleim,Android,North America,1489731016
tclausewitzin,Android,Asia,1490303574
jbalsellieio,Android,South America,1494068854
vyousefip,Android,Africa,1496844818
tbettenayiq,Android,Asia,1484258407
vbengtsonir,Android,Europe,1497193790
lcacacieis,Android,Asia,1497311029
lberriballit,Android,South America,1512090193
rinklesiu,Android,Europe,1512173289
fdimariaiv,Android,Asia,1486701127
bwallmaniw,Android,North America,1506232790
jstoacleyix,Android,Oceania,1514179208
rwalkleyiy,Android,Africa,1490069917
arideiz,Android,Europe,1504493801
ctommasuzzij0,Android,Asia,1492401916
mlisj1,Android,Oceania,1485763627
mwassonj2,Android,Africa,1509760060
nvaltij3,Android,Oceania,1513692072
mblannj4,Android,Oceania,1491647590
ssemradj5,Android,North America,1486062830
agreenlessj6,Android,Europe,1498860960
zludlowj7,Android,Africa,1484003138
estollenhofj8,Android,Asia,1507434826
spohlj9,Android,Oceania,1505254367
cdeathja,Android,South America,1493530356
tderuggierojb,Android,Africa,1507467769
jcrusjc,Android,Europe,1514290365
rcarragherjd,Android,North America,1510206932
yandrichakje,Android,South America,1513036527
estibbsjf,Android,Oceania,1510949974
abeardowjg,Android,South America,1511125609
scastellonejh,Android,North America,1513731720
ppayji,Android,Asia,1514634923
nduggaryjj,Android,Oceania,1492546795
ftweddelljk,Android,Oceania,1495093713
epauleitjl,Android,South America,1506761322
tburgerjm,Android,Oceania,1498124803
obutterleyjn,Android,Asia,1511506673
aghostjo,Android,Oceania,1497819786
arummingsjp,Android,South America,1513315463
eburgesjq,Android,Oceania,1503440461
rcogglesjr,Android,Africa,1508098075
mwahlbergjs,Android,South America,1497508156
ademanchejt,Android,Europe,1506264540
hyakunikovju,Android,Europe,1504397643
spoundjv,Android,Asia,1505003551
galejandrejw,Android,South America,1491314348
ngriersonjx,Android,Asia,1512265113
chailyjy,Android,North America,1505535572
flawrencejz,Android,Europe,1506180057
wcrockleyk0,Android,South America,1488092337
dleythleyk1,Android,South America,1494716519
fpennk2,Android,South America,1493720107
ideclerck3,Android,Europe,1506736517
lbilfootk4,Android,Asia,1500549204
wallbrookk5,Android,Africa,1510092374
brodbournek6,Android,Asia,1504387281
kfuxmank7,Android,Oceania,1499867277
plowbridgek8,Android,North America,1505157028
skarpychevk9,Android,South America,1504334382
kenricoka,Android,Asia,1498995150
bmousbykb,Android,North America,1512997144
zlyndonkc,Android,North America,1492105512
pgilkeskd,Android,Africa,1492047692
mwebsterke,Android,North America,1496076434
lvanhalenkf,Android,Africa,1492392256
amossbeekg,Android,South America,1487805888
vhollingsbeekh,Android,Oceania,1484398234
rengallki,Android,South America,1509726585
aheighokj,Android,Africa,1514393447
jpepperellkk,Android,South America,1488989594
fbullentkl,Android,Europe,1493494755
gkubankm,Android,Oceania,1512023492
tfyallkn,Android,Asia,1484195222
geacleko,Android,North America,1499405431
imeneghikp,Android,South America,1486494620
jmacdonaldkq,Android,Europe,1497626909
aduffetkr,Android,Europe,1491486425
trosomanks,Android,Asia,1512992247
ehoudmontkt,Android,North America,1492024884
basbreyku,Android,Europe,1486974116
eallenderkv,Android,South America,1509433102
aposnerkw,Android,Africa,1510978300
rbrewerkx,Android,North America,1492334294
amarquisky,Android,North America,1503413028
vblosskz,Android,Oceania,1493884789
sprestnerl0,Android,Asia,1493094626
cticehurstl1,Android,South America,1501126764
acruzl2,Android,Oceania,1491350899
icureel3,Android,South America,1503959500
zpennerl4,Android,Europe,1488675552
againsborol5,Android,Africa,1511569789
jwoanl6,Android,Africa,1501992774
aivelll7,Android,Asia,1494931443
brafterl8,Android,North America,1510849942
mquennelll9,Android,Africa,1483450659
ntottonla,Android,North America,1500560226
csustinlb,Android,Asia,1504678379
evasinlc,Android,North America,1504764968
kvidlerld,Android,Asia,1493486734
ssacksle,Android,North America,1513985241
npoddlf,Android,North America,1485862073
pkurdanilg,Android,South America,1505428984
abehnincklh,Android,North America,1509264896
mbisleyli,Android,North America,1498852310
drohlfinglj,Android,South America,1512841759
hisaclk,Android,North America,1505720192
gdechelettell,Android,Asia,1484998986
mgiorgilm,Android,South America,1502320973
hnayerln,Android,Oceania,1509792968
ggilcristlo,Android,Africa,1512263506
adilkeslp,Android,North America,1512335250
mbegleylq,Android,Africa,1502417512
abrelsfordlr,Android,Europe,1483654086
lmarlenls,Android,Asia,1512593685
dhawksleylt,Android,Europe,1502785601
cserverlu,Android,Asia,1512896262
mkulvearlv,Android,Asia,1491956282
agergerlw,Android,Oceania,1490495313
bjindralx,Android,Asia,1509775949
gnorridgely,Android,Asia,1507079296
bleiboldlz,Android,North America,1494789566
bmaxwalem0,Android,North America,1489385980
aleftlym1,Android,Asia,1510598959
twasielam2,Android,Asia,1489045149
bkencottm3,Android,North America,1484438422
mnormanvillem4,Android,South America,1511044649
opuseym5,Android,Asia,1508599041
mcancellerm6,Android,North America,1484388283
mruskem7,Android,North America,1500983858
ldevasm8,Android,South America,1514403574
fnorssisterm9,Android,Europe,1493628689
lhrycekma,Android,Oceania,1500137268
rbowmakermb,Android,Oceania,1500094585
cdosdalemc,Android,Asia,1504974973
trodolphemd,Android,North America,1504485531
rflohardme,Android,Asia,1512938554
tboyfieldmf,Android,Oceania,1505070842
bedworthyemg,Android,South America,1511139108
pfroodmh,Android,South America,1513814791
ehecklemi,Android,South America,1512093274
kszymonimj,Android,North America,1491176109
jgabbitusmk,Android,South America,1494811627
kdourinml,Android,South America,1490746684
mhansburymm,Android,North America,1511989604
cadairmn,Android,Asia,1504012063
sboutellmo,Android,Europe,1502451599
jlevenmp,Android,Asia,1509923659
caspenlonmq,Android,South America,1497519791
screedmr,Android,North America,1500160836
lsollowayems,Android,Oceania,1493809971
jmangonmt,Android,Europe,1488130079
hbeehomu,Android,Europe,1513198580
cdelgatymv,Android,North America,1486033947
tdootsonmw,Android,Asia,1497530163
efawkemx,Android,Oceania,1486641452
cwheelermy,Android,Europe,1510617662
sbanyardmz,Android,Oceania,1497479288
lbelmontn0,Android,Africa,1506536888
cyoulln1,Android,Oceania,1511912084
kswinburnen2,Android,South America,1511577186
ijanoschekn3,Android,Europe,1498718313
cnoteyoungn4,Android,Oceania,1509951283
lskelingtonn5,Android,Africa,1511313463
bschukertn6,Android,Asia,1503238500
dgiacobbinijacobn7,Android,South America,1491916913
trudkinn8,Android,Europe,1483972863
dgianillin9,Android,Oceania,1513670245
yhirschmannna,Android,Europe,1485301897
mdefranciscinb,Android,Asia,1513789203
ahogbinnc,Android,Europe,1511394244
hbrisend,Android,South America,1503900059
earisne,Android,Africa,1502105874
hradbournenf,Android,Asia,1500223590
brihosekng,Android,Oceania,1510520254
msterrenh,Android,Europe,1496181497
hscutchingni,Android,Oceania,1489548981
tmercknj,Android,Europe,1496999304
aradbonenk,Android,Oceania,1486545256
mdonaldnl,Android,Europe,1486290344
tsabathiernm,Android,North America,1490178170
dwebbnn,Android,North America,1506547624
cvanellino,Android,Oceania,1513589115
gevisonnp,Android,Oceania,1489990824
hshonenq,Android,South America,1514380468
lgronavnr,Android,Europe,1486254336
gmacshiriens,Android,Asia,1499285917
mluckwellnt,Android,South America,1510018385
jgundrynu,Android,Europe,1502660317
lpayleynv,Android,Africa,1514082514
aberthodnw,Android,North America,1510335804
stibbottsnx,Android,Africa,1498763580
cwardlawny,Android,Africa,1511599310
dharmstonnz,Android,Oceania,1506340748
dbiasionio0,Android,Oceania,1486141426
mwaddamo1,Android,Africa,1489880091
jalbertso2,Android,Europe,1505921461
kbenedito3,Android,Europe,1484179994
kgillardo4,Android,Africa,1494226132
vbettenayo5,Android,South America,1484747648
hnelliso6,Android,South America,1496979493
gmadillo7,Android,Europe,1501096195
lvairowo8,Android,Africa,1502232123
jcarseo9,Android,Africa,1512748470
acatterolloa,Android,Asia,1513662690
bartzob,Android,North America,1509247260
cgabboc,Android,Europe,1490897884
cchmarnyod,Android,Africa,1505926471
lgosforthoe,Android,South America,1497920305
kbonwickof,Android,Oceania,1512025627
gcoareog,Android,South America,1488843395
gcoardoh,Android,South America,1486897821
fprobateoi,Android,Oceania,1507543550
jglendiningoj,Android,Oceania,1507286606
ljochensok,Android,Asia,1508009069
cheamol,Android,Africa,1501173207
jlevaneom,Android,North America,1497397852
bfessieron,Android,Oceania,1497888287
amorelandoo,Android,North America,1507978555
gstannislawskiop,Android,North America,1486338011
doluneyoq,Android,Oceania,1494613513
wfattorinior,Android,South America,1490309702
kallmannos,Android,Asia,1489029388
lilyukhovot,Android,South America,1492110076
mohanleyou,Android,North America,1492375534
pcastellov,Android,Oceania,1492737213
mcapellow,Android,North America,1513242151
tbotleyox,Android,Asia,1504871590
mcamposoy,Android,Oceania,1509586626
plewryoz,Android,North America,1493035872
vhickissonp0,Android,Asia,1486045838
ldortonp1,Android,North America,1510151706
dramosp2,Android,Europe,1498776350
dphilbrookp3,Android,Africa,1495428725
bkuhlp4,Android,North America,1502497558
iguttridgep5,Android,North America,1504973105
acapaldop6,Android,Africa,1485190570
btourniep7,Android,Oceania,1506040996
ewinsletp8,Android,Asia,1502276431
flysterp9,Android,Europe,1492547909
rfancettpa,Android,Europe,1484181474
bvautinpb,Android,Africa,1497653380
arevittpc,Android,North America,1497727916
shullyerpd,Android,South America,1509726777
mdanype,Android,Oceania,1489559506
jkeavespf,Android,South America,1500900975
gswabeypg,Android,Europe,1508392498
ioleaghamph,Android,North America,1514167943
dbeastallpi,Android,Africa,1486109877
epaulopj,Android,South America,1484806174
kleebpk,Android,North America,1490494208
skaesmanspl,Android,Asia,1512696463
hlonglandspm,Android,Oceania,1495677876
mscurrypn,Android,Europe,1493528549
dbeltpo,Android,North America,1511647164
bbennallckpp,Android,South America,1513044974
mmacnamarapq,Android,Asia,1510933888
lbartrampr,Android,Africa,1495326422
adyballps,Android,Asia,1497612393
adipplept,Android,Europe,1503735585
cilsleypu,Android,Asia,1505655966
fkinahanpv,Android,Africa,1500842141
fgodilingtonpw,Android,South America,1488073429
apittempx,Android,Oceania,1486004817
lalpspy,Android,Africa,1494766469
rthomssonpz,Android,South America,1500527699
tfranzoliniq0,Android,Asia,1509027242
sjoselsonq1,Android,Oceania,1513699208
sdemangelq2,Android,Oceania,1505215689
lhotsonq3,Android,Asia,1500330580
bsussexq4,Android,South America,1495911875
jmcilheranq5,Android,Asia,1505048047
ssicilyq6,Android,Oceania,1484522582
mkleehuhlerq7,Android,Africa,1496891796
gskaymanq8,Android,Africa,1491428111
pupstoneq9,Android,Africa,1508583852
lwickieqa,Android,Oceania,1512599638
ddalmeidaqb,Android,Europe,1494881480
hcubuzziqc,Android,North America,1512615670
mbolesworthqd,Android,North America,1509186154
dculkinqe,Android,South America,1505089555
ncraiseqf,Android,Africa,1492692490
ccalleyqg,Android,Europe,1498168110
ckemsleyqh,Android,Oceania,1503895091
vnieassqi,Android,Europe,1511058049
cbeinqj,Android,Asia,1505858094
nrawoodqk,Android,Asia,1510741441
pwolverql,Android,North America,1510962958
zspeereqm,Android,Africa,1500932399
gfreireqn,Android,North America,1505342974
medgleyqo,Android,Oceania,1512406899
csproulqp,Android,Europe,1507582732
mgeorgievqq,Android,Asia,1500276989
msaiceqr,Android,South America,1483340996
atristramqs,Android,North America,1499812021
agreenanqt,Android,Asia,1507144527
zpleasequ,Android,Europe,1493978922
ihandasideqv,Android,Oceania,1487626484
nmelleyqw,Android,Oceania,1513694875
irudkinqx,Android,Africa,1505544292
bwinckworthqy,Android,North America,1511934860
kbraffertonqz,Android,South America,1497367482
mhatherleyr0,Android,Oceania,1503830530
gzorror1,Android,North America,1497526720
wbenetr2,Android,Europe,1512743244
rglavinr3,Android,Africa,1509813673
ldungater4,Android,Oceania,1502080494
bblackmuirr5,Android,Oceania,1496846011
dbueyr6,Android,Asia,1505215192
alembker7,Android,North America,1514177651
jjozsar8,Android,Europe,1504625259
swightr9,Android,Oceania,1508558162
lrubinskyra,Android,Europe,1487245008
tburghillrb,Android,Africa,1513417845
adiggonsrc,Android,Africa,1484647588
gyarkerrd,Android,Asia,1494451617
tcantillionre,Android,South America,1489723493
apurrierrf,Android,South America,1485133083
dyeskovrg,Android,Oceania,1500003799
pantoschrh,Android,Africa,1511495329
tclampri,Android,Africa,1509299303
istangoerj,Android,North America,1503820703
alaxonrk,Android,North America,1485099537
hnairerl,Android,North America,1489903537
gwhitbreadrm,Android,Europe,1494731939
coxern,Android,South America,1512670168
cdwanero,Android,South America,1487027162
bgodlyrp,Android,Europe,1486291634
cyoseloffrq,Android,Asia,1505573254
blonerganrr,Android,Asia,1483570465
